ensemblID,targetSymbol,designation,fdaClass,fdaTarget,mappingDescription
ENSG00000097007,ABL1,Relevant Molecular Target,Gene Abnormality,"ABL1/2 | Gene Abnormality: ABL1/2 gene fusions (BCR-ABL1, etc.)",Separate list
ENSG00000143322,ABL2,Relevant Molecular Target,Gene Abnormality,"ABL1/2 | Gene Abnormality: ABL1/2 gene fusions (BCR-ABL1, etc.)",Separate list
ENSG00000136518,ACTL6A,Relevant Molecular Target,Others,SWI/SNF,Unpack complex target
ENSG00000077080,ACTL6B,Relevant Molecular Target,Others,SWI/SNF,Unpack complex target
ENSG00000115170,ACVR1,Relevant Molecular Target,Gene Abnormality,ACVR1 | Gene Abnormality: ACVR1,Unchanged from FDA lists
ENSG00000130706,ADRM1,Relevant Molecular Target,Others,Proteasome,Unpack complex target
ENSG00000172493,AFF1,Relevant Molecular Target,Gene Abnormality,MLL | Gene Abnormality: MLL gene fusions (MLL-AF4/AF9/AF10/ENL/ELL/AF1p/AFX/FKHRL1/SEPT6/GAS7/EEN/CBP/PTD),Separate gene abnormalities and standardize symbol
ENSG00000196139,AKR1C3,Relevant Molecular Target,Cell Lineage,AKR1C3,Unchanged from FDA lists
ENSG00000142208,AKT1,Relevant Molecular Target,Others,AKT,Unpack complex target
ENSG00000204673,AKT1S1,Relevant Molecular Target,Gene Abnormality,TORC1/2 as distinct from mTOR | Gene Abnormality: TORC1/2,Unpack complex target
ENSG00000105221,AKT2,Relevant Molecular Target,Others,AKT,Unpack complex target
ENSG00000117020,AKT3,Relevant Molecular Target,Others,AKT,Unpack complex target
ENSG00000171094,ALK,Relevant Molecular Target,Gene Abnormality,ALK | Gene Abnormality: ALK and ALK gene fusions,Unchanged from FDA lists
ENSG00000117362,APH1A,Relevant Molecular Target,Gene Abnormality,Gamma secretase | Gene Abnormality: NOTCH1 and FBXW7,Unpack complex target
ENSG00000138613,APH1B,Relevant Molecular Target,Gene Abnormality,Gamma secretase | Gene Abnormality: NOTCH1 and FBXW7,Unpack complex target
ENSG00000169083,AR,Non-Relevant Molecular Target,Automatic Waivers,AR,Unchanged from FDA lists
ENSG00000117713,ARID1A,Relevant Molecular Target,Others,SWI/SNF,Unpack complex target
ENSG00000049618,ARID1B,Relevant Molecular Target,Others,SWI/SNF,Unpack complex target
ENSG00000139352,ASCL1,Relevant Molecular Target,Gene Abnormality,ASCL1 | Gene Abnormality: ASCL1 gene,Unchanged from FDA lists
ENSG00000070669,ASNS,Relevant Molecular Target,Others,ASNS,Unchanged from FDA lists
Symbol_Not_Found,Asparagine,Relevant Molecular Target,Others,Asparagine,Cannot be mapped to gene-level target
ENSG00000149311,ATM,Relevant Molecular Target,Others,ATM,Unchanged from FDA lists
ENSG00000175054,ATR,Relevant Molecular Target,Others,ATR,Unchanged from FDA lists
ENSG00000085224,ATRX,Relevant Molecular Target,Others,ATRX,Unchanged from FDA lists
ENSG00000087586,AURKA,Relevant Molecular Target,Others,AURKA (Aurora kinase A),Standardize symbol
ENSG00000178999,AURKB,Relevant Molecular Target,Others,AURKB (Aurora kinase B),Standardize symbol
ENSG00000167601,AXL,Relevant Molecular Target,Others,AXL,Unchanged from FDA lists
ENSG00000030110,BAK1,Relevant Molecular Target,Others,"BCL2 family members (Bcl-2, Bcl-XL, Mcl-1, A1/BFL, BAK, BAX)",Unpack complex target
ENSG00000087088,BAX,Relevant Molecular Target,Others,BAX,Unchanged from FDA lists
ENSG00000171791,BCL2,Relevant Molecular Target,Others,"BCL2 family members (Bcl-2, Bcl-XL, Mcl-1, A1/BFL, BAK, BAX)",Unpack complex target
ENSG00000140379,BCL2A1,Relevant Molecular Target,Others,"BCL2 family members (Bcl-2, Bcl-XL, Mcl-1, A1/BFL, BAK, BAX)",Unpack complex target
ENSG00000171552,BCL2L1,Relevant Molecular Target,Others,"BCL2 family members (Bcl-2, Bcl-XL, Mcl-1, A1/BFL, BAK, BAX)",Unpack complex target
ENSG00000183337,BCOR,Relevant Molecular Target,Cell Lineage,BCOR,Unchanged from FDA lists
ENSG00000186716,BCR,Relevant Molecular Target,Gene Abnormality,"ABL1/2 | Gene Abnormality: ABL1/2 gene fusions (BCR-ABL1, etc.)",Separate gene fusion
ENSG00000110330,BIRC2,Relevant Molecular Target,Others,IAPs (inhibitor-of-apoptosis),Unpack complex target
ENSG00000023445,BIRC3,Relevant Molecular Target,Others,IAPs (inhibitor-of-apoptosis),Unpack complex target
ENSG00000089685,BIRC5,Relevant Molecular Target,Others,IAPs (inhibitor-of-apoptosis),Unpack complex target
ENSG00000115760,BIRC6,Relevant Molecular Target,Others,IAPs (inhibitor-of-apoptosis),Unpack complex target
ENSG00000101197,BIRC7,Relevant Molecular Target,Others,IAPs (inhibitor-of-apoptosis),Unpack complex target
ENSG00000163098,BIRC8,Relevant Molecular Target,Others,IAPs (inhibitor-of-apoptosis),Unpack complex target
ENSG00000138696,BMPR1B,Relevant Molecular Target,Others,BMPR,Standardize symbol
ENSG00000157764,BRAF,Relevant Molecular Target,Gene Abnormality,BRAF | Gene Abnormality: BRAF,Unchanged from FDA lists
ENSG00000012048,BRCA1,Relevant Molecular Target,Gene Abnormality,"PARP | Gene Abnormality: BRCA1/2, PALB2, ATM, BRIP1, CHEK2, RAD51, etc.",Separate gene abnormalities
ENSG00000139618,BRCA2,Relevant Molecular Target,Gene Abnormality,"PARP | Gene Abnormality: BRCA1/2, PALB2, ATM, BRIP1, CHEK2, RAD51, etc.",Separate gene abnormalities
ENSG00000100425,BRD1,Relevant Molecular Target,Others,BRD1,Unchanged from FDA lists
ENSG00000204256,BRD2,Relevant Molecular Target,Others,BET bromodomain family,Unpack complex target
ENSG00000169925,BRD3,Relevant Molecular Target,Others,BET bromodomain family,Unpack complex target
ENSG00000141867,BRD4,Relevant Molecular Target,Others,BRD4,Unchanged from FDA lists
ENSG00000137948,BRDT,Relevant Molecular Target,Others,BET bromodomain family,Unpack complex target
ENSG00000136492,BRIP1,Relevant Molecular Target,Gene Abnormality,"PARP | Gene Abnormality: BRCA1/2, PALB2, ATM, BRIP1, CHEK2, RAD51, etc.",Separate gene abnormalities
ENSG00000010671,BTK,Non-Relevant Molecular Target,Automatic Waivers,BTK,Unchanged from FDA lists
ENSG00000110092,CCND1,Relevant Molecular Target,Gene Abnormality,"CCND1,2 | Gene Abnormality: CCND1,2",Separate list
ENSG00000118971,CCND2,Relevant Molecular Target,Gene Abnormality,"CCND1,2 | Gene Abnormality: CCND1,2",Separate list
ENSG00000177455,CD19,Relevant Molecular Target,Cell Lineage,CD19,Unchanged from FDA lists
ENSG00000012124,CD22,Relevant Molecular Target,Cell Lineage,CD22,Unchanged from FDA lists
ENSG00000120217,CD274,Relevant Molecular Target,Tumor Microenvironment and Immunotherapy,PD-1/PD-L1,Separate list and standardize symbol
ENSG00000103855,CD276,Relevant Molecular Target,Cell Lineage,CD276 (B7-H3),Standardize symbol
ENSG00000103855,CD276,Relevant Molecular Target,Tumor Microenvironment and Immunotherapy,B7H3,Standardize symbol
ENSG00000105383,CD33,Relevant Molecular Target,Cell Lineage,CD33,Unchanged from FDA lists
ENSG00000104894,CD37,Relevant Molecular Target,Cell Lineage,CD37,Unchanged from FDA lists
ENSG00000004468,CD38,Relevant Molecular Target,Cell Lineage,CD38,Unchanged from FDA lists
ENSG00000101017,CD40,Relevant Molecular Target,Tumor Microenvironment and Immunotherapy,CD40,Unchanged from FDA lists
ENSG00000196776,CD47,Relevant Molecular Target,Tumor Microenvironment and Immunotherapy,CD47,Unchanged from FDA lists
ENSG00000169442,CD52,Relevant Molecular Target,Tumor Microenvironment and Immunotherapy,CD52,Unchanged from FDA lists
ENSG00000173762,CD7,Relevant Molecular Target,Cell Lineage,CD7,Unchanged from FDA lists
ENSG00000125726,CD70,Relevant Molecular Target,Cell Lineage,CD70,Unchanged from FDA lists
ENSG00000007312,CD79B,Relevant Molecular Target,Cell Lineage,CD79b,Unchanged from FDA lists
ENSG00000097046,CDC7,Relevant Molecular Target,Cell Lineage,CDC7,Unchanged from FDA lists
ENSG00000167258,CDK12,Relevant Molecular Target,Gene Abnormality,CDK12 | Gene Abnormality: EWSR1-FLI1,Unchanged from FDA lists
ENSG00000123374,CDK2,Relevant Molecular Target,Others,CDK2,Unchanged from FDA lists
ENSG00000135446,CDK4,Relevant Molecular Target,Others,CDK4/6,Separate list
ENSG00000105810,CDK6,Relevant Molecular Target,Others,CDK4/6,Separate list
ENSG00000134058,CDK7,Relevant Molecular Target,Others,CDK7,Unchanged from FDA lists
ENSG00000136807,CDK9,Relevant Molecular Target,Others,CDK9,Unchanged from FDA lists
ENSG00000149554,CHEK1,Relevant Molecular Target,Others,CHK1,Standardize symbol
ENSG00000183765,CHEK2,Relevant Molecular Target,Gene Abnormality,"PARP | Gene Abnormality: BRCA1/2, PALB2, ATM, BRIP1, CHEK2, RAD51, etc.",Separate gene abnormalities
Symbol_Not_Found,CLDN18.2 (alternative splice isoform),Non-Relevant Molecular Target,Automatic Waivers,CLDN18.2 (alternative splice isoform),Cannot be mapped to gene-level target
ENSG00000189143,CLDN4,Non-Relevant Molecular Target,Automatic Waivers,CLDN4,Unchanged from FDA lists
ENSG00000113851,CRBN,Relevant Molecular Target,Cell Lineage,Cereblon CBL (E3 Ubiquitine protein ligase),Standardize symbol
ENSG00000005339,CREBBP,Relevant Molecular Target,Gene Abnormality,MLL | Gene Abnormality: MLL gene fusions (MLL-AF4/AF9/AF10/ENL/ELL/AF1p/AFX/FKHRL1/SEPT6/GAS7/EEN/CBP/PTD),Separate gene abnormalities and standardize symbol
ENSG00000182578,CSF1R,Relevant Molecular Target,Gene Abnormality,CSF1R | Gene Abnormality: CSF1R gene fusions,Unchanged from FDA lists
ENSG00000164400,CSF2,Relevant Molecular Target,Tumor Microenvironment and Immunotherapy,GM-CSF,Standardize symbol
ENSG00000113712,CSNK1A1,Relevant Molecular Target,Others,CK1,Unpack complex target
ENSG00000141551,CSNK1D,Relevant Molecular Target,Others,CK1,Unpack complex target
ENSG00000213923,CSNK1E,Relevant Molecular Target,Others,CK1,Unpack complex target
ENSG00000169118,CSNK1G1,Relevant Molecular Target,Others,CK1,Unpack complex target
ENSG00000133275,CSNK1G2,Relevant Molecular Target,Others,CK1,Unpack complex target
ENSG00000151292,CSNK1G3,Relevant Molecular Target,Others,CK1,Unpack complex target
ENSG00000101266,CSNK2A1,Relevant Molecular Target,Others,CK2 (casein kinase 2),Unpack complex target
ENSG00000070770,CSNK2A2,Relevant Molecular Target,Others,CK2 (casein kinase 2),Unpack complex target
ENSG00000254598,CSNK2A3,Relevant Molecular Target,Others,CK2 (casein kinase 2),Unpack complex target
ENSG00000204435,CSNK2B,Relevant Molecular Target,Others,CK2 (casein kinase 2),Unpack complex target
ENSG00000184033,CTAG1B,Relevant Molecular Target,Cell Lineage,NY-ESO-1,Standardize symbol
ENSG00000163599,CTLA4,Relevant Molecular Target,Tumor Microenvironment and Immunotherapy,CTLA4,Unchanged from FDA lists
ENSG00000168036,CTNNB1,Relevant Molecular Target,Gene Abnormality,CTNNB1 (?-catenin) | Gene Abnormality: CTNNB1,Standardize symbol
ENSG00000169245,CXCL10,Relevant Molecular Target,Tumor Microenvironment and Immunotherapy,CXCL10,Unchanged from FDA lists
ENSG00000121966,CXCR4,Relevant Molecular Target,Tumor Microenvironment and Immunotherapy,CXCR4,Unchanged from FDA lists
ENSG00000166341,DCHS1,Relevant Molecular Target,Others,"Hippo pathway (YAP, TAZ, TEADs)",Unpack complex target
ENSG00000197410,DCHS2,Relevant Molecular Target,Others,"Hippo pathway (YAP, TAZ, TEADs)",Unpack complex target
ENSG00000215301,DDX3X,Relevant Molecular Target,Gene Abnormality,DDX3X | Gene Abnormality: DDX3X,Unchanged from FDA lists
ENSG00000107201,RIGI,Relevant Molecular Target,Tumor Microenvironment and Immunotherapy,RIG-I,Standardize symbol
ENSG00000185559,DLK1,Relevant Molecular Target,Cell Lineage,DLK1,Unchanged from FDA lists
ENSG00000090932,DLL3,Non-Relevant Molecular Target,Automatic Waivers,DLL3,Unchanged from FDA lists
Symbol_Not_Found,DNA (alkylators),Relevant Molecular Target,Others,DNA (alkylators),Cannot be mapped to gene-level target
ENSG00000130816,DNMT1,Relevant Molecular Target,Others,DNMT (DNA methyl transferase),Standardize symbol
ENSG00000104885,DOT1L,Relevant Molecular Target,Gene Abnormality,DOT1L | Gene Abnormality: MLL gene fusions,Unchanged from FDA lists
ENSG00000074266,EED,Relevant Molecular Target,Gene Abnormality,EED,Unchanged from FDA lists
ENSG00000146648,EGFR,Relevant Molecular Target,Gene Abnormality,EGFR | Gene Abnormality: EGFR,Unchanged from FDA lists
Symbol_Not_Found,EGFRvIII,Relevant Molecular Target,Cell Lineage EGFRvIII,EGFRvIII,Cannot be mapped to gene-level target
ENSG00000135373,EHF,Relevant Molecular Target,Gene Abnormality,"ETS gene fusions | Gene Abnormality: ETS fusions (ERG, FLI1, ETV1)",Unpack complex target
ENSG00000120690,ELF1,Relevant Molecular Target,Gene Abnormality,"ETS gene fusions | Gene Abnormality: ETS fusions (ERG, FLI1, ETV1)",Unpack complex target
ENSG00000109381,ELF2,Relevant Molecular Target,Gene Abnormality,"ETS gene fusions | Gene Abnormality: ETS fusions (ERG, FLI1, ETV1)",Unpack complex target
ENSG00000163435,ELF3,Relevant Molecular Target,Gene Abnormality,"ETS gene fusions | Gene Abnormality: ETS fusions (ERG, FLI1, ETV1)",Unpack complex target
ENSG00000102034,ELF4,Relevant Molecular Target,Gene Abnormality,"ETS gene fusions | Gene Abnormality: ETS fusions (ERG, FLI1, ETV1)",Unpack complex target
ENSG00000135374,ELF5,Relevant Molecular Target,Gene Abnormality,"ETS gene fusions | Gene Abnormality: ETS fusions (ERG, FLI1, ETV1)",Unpack complex target
ENSG00000126767,ELK1,Relevant Molecular Target,Gene Abnormality,"ETS gene fusions | Gene Abnormality: ETS fusions (ERG, FLI1, ETV1)",Unpack complex target
ENSG00000111145,ELK3,Relevant Molecular Target,Gene Abnormality,"ETS gene fusions | Gene Abnormality: ETS fusions (ERG, FLI1, ETV1)",Unpack complex target
ENSG00000158711,ELK4,Relevant Molecular Target,Gene Abnormality,"ETS gene fusions | Gene Abnormality: ETS fusions (ERG, FLI1, ETV1)",Unpack complex target
ENSG00000105656,ELL,Relevant Molecular Target,Gene Abnormality,MLL | Gene Abnormality: MLL gene fusions (MLL-AF4/AF9/AF10/ENL/ELL/AF1p/AFX/FKHRL1/SEPT6/GAS7/EEN/CBP/PTD),Separate gene abnormalities
ENSG00000100393,EP300,Relevant Molecular Target,Others,CREBBP/EP300,Separate list
ENSG00000142627,EPHA2,Relevant Molecular Target,Cell Lineage,EPHA2,Unchanged from FDA lists
ENSG00000085832,EPS15,Relevant Molecular Target,Gene Abnormality,MLL | Gene Abnormality: MLL gene fusions (MLL-AF4/AF9/AF10/ENL/ELL/AF1p/AFX/FKHRL1/SEPT6/GAS7/EEN/CBP/PTD),Separate gene abnormalities and standardize symbol
ENSG00000141736,ERBB2,Relevant Molecular Target,Cell Lineage,ERBB2 (HER2/Neu),Standardize symbol
ENSG00000105722,ERF,Relevant Molecular Target,Gene Abnormality,"ETS gene fusions | Gene Abnormality: ETS fusions (ERG, FLI1, ETV1)",Unpack complex target
ENSG00000157554,ERG,Relevant Molecular Target,Gene Abnormality,"ETS gene fusions | Gene Abnormality: ETS fusions (ERG, FLI1, ETV1)",Separate gene abnormalities
ENSG00000091831,ESR1,Non-Relevant Molecular Target,Automatic Waivers,ESR1,Unchanged from FDA lists
ENSG00000140009,ESR2,Non-Relevant Molecular Target,Automatic Waivers,ESR2,Unchanged from FDA lists
ENSG00000134954,ETS1,Relevant Molecular Target,Gene Abnormality,"ETS gene fusions | Gene Abnormality: ETS fusions (ERG, FLI1, ETV1)",Unpack complex target
ENSG00000157557,ETS2,Relevant Molecular Target,Gene Abnormality,"ETS gene fusions | Gene Abnormality: ETS fusions (ERG, FLI1, ETV1)",Unpack complex target
ENSG00000006468,ETV1,Relevant Molecular Target,Gene Abnormality,"ETS gene fusions | Gene Abnormality: ETS fusions (ERG, FLI1, ETV1)",Separate gene abnormalities
ENSG00000105672,ETV2,Relevant Molecular Target,Gene Abnormality,"ETS gene fusions | Gene Abnormality: ETS fusions (ERG, FLI1, ETV1)",Unpack complex target
ENSG00000117036,ETV3,Relevant Molecular Target,Gene Abnormality,"ETS gene fusions | Gene Abnormality: ETS fusions (ERG, FLI1, ETV1)",Unpack complex target
ENSG00000253831,ETV3L,Relevant Molecular Target,Gene Abnormality,"ETS gene fusions | Gene Abnormality: ETS fusions (ERG, FLI1, ETV1)",Unpack complex target
ENSG00000175832,ETV4,Relevant Molecular Target,Gene Abnormality,"ETS gene fusions | Gene Abnormality: ETS fusions (ERG, FLI1, ETV1)",Unpack complex target
ENSG00000244405,ETV5,Relevant Molecular Target,Gene Abnormality,"ETS gene fusions | Gene Abnormality: ETS fusions (ERG, FLI1, ETV1)",Unpack complex target
ENSG00000139083,ETV6,Relevant Molecular Target,Gene Abnormality,"ETS gene fusions | Gene Abnormality: ETS fusions (ERG, FLI1, ETV1)",Unpack complex target
ENSG00000010030,ETV7,Relevant Molecular Target,Gene Abnormality,"ETS gene fusions | Gene Abnormality: ETS fusions (ERG, FLI1, ETV1)",Unpack complex target
ENSG00000182944,EWSR1,Relevant Molecular Target,Gene Abnormality,CDK12 | Gene Abnormality: EWSR1-FLI1,Separate gene fusion
ENSG00000182944,EWSR1,Relevant Molecular Target,Gene Abnormality,EWSR1-FLI1 | Gene Abnormality: EWSR1-FLI1,Separate gene fusion
ENSG00000106462,EZH2,Relevant Molecular Target,Gene Abnormality,"EZH2 | Gene Abnormality: SMARCB1, SMARCA4",Unchanged from FDA lists
Symbol_Not_Found,F3 (tissue factor),Relevant Molecular Target,Others,F3 (tissue factor),Cannot be mapped to gene-level target
ENSG00000083857,FAT1,Relevant Molecular Target,Others,"Hippo pathway (YAP, TAZ, TEADs)",Unpack complex target
ENSG00000086570,FAT2,Relevant Molecular Target,Others,"Hippo pathway (YAP, TAZ, TEADs)",Unpack complex target
ENSG00000165323,FAT3,Relevant Molecular Target,Others,"Hippo pathway (YAP, TAZ, TEADs)",Unpack complex target
ENSG00000196159,FAT4,Relevant Molecular Target,Others,"Hippo pathway (YAP, TAZ, TEADs)",Unpack complex target
ENSG00000109670,FBXW7,Relevant Molecular Target,Gene Abnormality,Gamma secretase | Gene Abnormality: NOTCH1 and FBXW7,Separate gene abnormalities
ENSG00000109670,FBXW7,Relevant Molecular Target,Gene Abnormality,"NOTCH1 | Gene Abnormality: NOTCH1, FBXW7",Separate gene abnormalities
ENSG00000143297,FCRL5,Non-Relevant Molecular Target,Automatic Waivers,FCRL5,Unchanged from FDA lists
ENSG00000163497,FEV,Relevant Molecular Target,Gene Abnormality,"ETS gene fusions | Gene Abnormality: ETS fusions (ERG, FLI1, ETV1)",Unpack complex target
ENSG00000077782,FGFR1,Relevant Molecular Target,Gene Abnormality,FGFR | Gene Abnormality: FGFR and FGFR gene fusions,Unpack complex target
ENSG00000066468,FGFR2,Relevant Molecular Target,Gene Abnormality,FGFR | Gene Abnormality: FGFR and FGFR gene fusions,Unpack complex target
ENSG00000068078,FGFR3,Relevant Molecular Target,Gene Abnormality,FGFR | Gene Abnormality: FGFR and FGFR gene fusions,Unpack complex target
ENSG00000160867,FGFR4,Relevant Molecular Target,Gene Abnormality,FGFR | Gene Abnormality: FGFR and FGFR gene fusions,Unpack complex target
Symbol_Not_Found,FGFR2b (alternative splice isoform),Non-Relevant Molecular Target,Automatic Waivers,FGFR2b (alternative splice isoform),Cannot be mapped to gene-level target
ENSG00000127418,FGFRL1,Relevant Molecular Target,Gene Abnormality,FGFR | Gene Abnormality: FGFR and FGFR gene fusions,Unpack complex target
ENSG00000151702,FLI1,Relevant Molecular Target,Gene Abnormality,EWSR1-FLI1 | Gene Abnormality: EWSR1-FLI1,Separate gene fusion
ENSG00000102755,FLT1,Relevant Molecular Target,Tumor Microenvironment and Immunotherapy,VEGFR,Unpack complex target
ENSG00000122025,FLT3,Relevant Molecular Target,Gene Abnormality,"FLT3 | Gene Abnormality: FLK2, STK1, CD135",Unchanged from FDA lists
ENSG00000037280,FLT4,Relevant Molecular Target,Tumor Microenvironment and Immunotherapy,VEGFR,Unpack complex target
ENSG00000086205,FOLH1,Non-Relevant Molecular Target,Automatic Waivers,PSA/PSCA/PSMA,Separate list and standardize symbol
ENSG00000110195,FOLR1,Relevant Molecular Target,Others,FOLR1 (folate receptor 1),Standardize symbol
ENSG00000150907,FOXO1,Relevant Molecular Target,Gene Abnormality,PAX-FOXO1 | Gene Abnormality: PAX-FOXO1,Separate gene fusion
ENSG00000118689,FOXO3,Relevant Molecular Target,Gene Abnormality,MLL | Gene Abnormality: MLL gene fusions (MLL-AF4/AF9/AF10/ENL/ELL/AF1p/AFX/FKHRL1/SEPT6/GAS7/EEN/CBP/PTD),Separate gene abnormalities and standardize symbol
ENSG00000184481,FOXO4,Relevant Molecular Target,Gene Abnormality,MLL | Gene Abnormality: MLL gene fusions (MLL-AF4/AF9/AF10/ENL/ELL/AF1p/AFX/FKHRL1/SEPT6/GAS7/EEN/CBP/PTD),Separate gene abnormalities and standardize symbol
ENSG00000139926,FRMD6,Relevant Molecular Target,Others,"Hippo pathway (YAP, TAZ, TEADs)",Unpack complex target
ENSG00000154727,GABPA,Relevant Molecular Target,Gene Abnormality,"ETS gene fusions | Gene Abnormality: ETS fusions (ERG, FLI1, ETV1)",Unpack complex target
ENSG00000007237,GAS7,Relevant Molecular Target,Gene Abnormality,MLL | Gene Abnormality: MLL gene fusions (MLL-AF4/AF9/AF10/ENL/ELL/AF1p/AFX/FKHRL1/SEPT6/GAS7/EEN/CBP/PTD),Separate gene abnormalities
Symbol_Not_Found,GD2 (Disialoganglioside),Relevant Molecular Target,Cell Lineage,GD2,Cannot be mapped to gene-level target
ENSG00000162676,GFI1,Relevant Molecular Target,Gene Abnormality,GFI1 | Gene Abnormality: GFI1,Unchanged from FDA lists
ENSG00000165702,GFI1B,Relevant Molecular Target,Gene Abnormality,GFI1B | Gene Abnormality: GFI1B,Unchanged from FDA lists
ENSG00000109163,GNRHR,Non-Relevant Molecular Target,Automatic Waivers,GNRHR,Unchanged from FDA lists
ENSG00000213420,GPC2,Relevant Molecular Target,Cell Lineage,GPC2,Unchanged from FDA lists
ENSG00000147257,GPC3,Relevant Molecular Target,Cell Lineage,GPC3,Unchanged from FDA lists
ENSG00000136235,GPNMB,Relevant Molecular Target,Cell Lineage,GPNMB,Unchanged from FDA lists
ENSG00000111291,GPRC5D,Non-Relevant Molecular Target,Automatic Waivers,GPRC5D,Unchanged from FDA lists
ENSG00000082701,GSK3B,Relevant Molecular Target,Others,GSK-3,Standardize symbol
ENSG00000163041,H3-3A,Relevant Molecular Target,Gene Abnormality,Histone 3 G34R/V | Gene Abnormality: Histone 3 G34R/V,Unpack complex target
ENSG00000163041,H3-3A,Relevant Molecular Target,Gene Abnormality,Histone 3 K27M | Gene Abnormality: Histone 3 K27M,Unpack complex target
ENSG00000132475,H3-3B,Relevant Molecular Target,Gene Abnormality,Histone 3 G34R/V | Gene Abnormality: Histone 3 G34R/V,Unpack complex target
ENSG00000132475,H3-3B,Relevant Molecular Target,Gene Abnormality,Histone 3 K27M | Gene Abnormality: Histone 3 K27M,Unpack complex target
ENSG00000203811,H3C14,Relevant Molecular Target,Gene Abnormality,Histone 3 G34R/V | Gene Abnormality: Histone 3 G34R/V,Unpack complex target
ENSG00000203811,H3C14,Relevant Molecular Target,Gene Abnormality,Histone 3 K27M | Gene Abnormality: Histone 3 K27M,Unpack complex target
ENSG00000286522,H3C2,Relevant Molecular Target,Gene Abnormality,Histone 3 G34R/V | Gene Abnormality: Histone 3 G34R/V,Unpack complex target
ENSG00000286522,H3C2,Relevant Molecular Target,Gene Abnormality,Histone 3 K27M | Gene Abnormality: Histone 3 K27M,Unpack complex target
ENSG00000287080,H3C3,Relevant Molecular Target,Gene Abnormality,Histone 3 G34R/V | Gene Abnormality: Histone 3 G34R/V,Unpack complex target
ENSG00000287080,H3C3,Relevant Molecular Target,Gene Abnormality,Histone 3 K27M | Gene Abnormality: Histone 3 K27M,Unpack complex target
ENSG00000135077,HAVCR2,Relevant Molecular Target,Tumor Microenvironment and Immunotherapy,TIM3/TIM4,Separate list and standardize symbol
ENSG00000116478,HDAC1,Relevant Molecular Target,Others,HDAC,Unpack complex target
ENSG00000100429,HDAC10,Relevant Molecular Target,Others,HDAC,Unpack complex target
ENSG00000163517,HDAC11,Relevant Molecular Target,Others,HDAC,Unpack complex target
ENSG00000196591,HDAC2,Relevant Molecular Target,Others,HDAC,Unpack complex target
ENSG00000171720,HDAC3,Relevant Molecular Target,Others,HDAC,Unpack complex target
ENSG00000068024,HDAC4,Relevant Molecular Target,Others,HDAC,Unpack complex target
ENSG00000108840,HDAC5,Relevant Molecular Target,Others,HDAC,Unpack complex target
ENSG00000094631,HDAC6,Relevant Molecular Target,Others,HDAC,Unpack complex target
ENSG00000061273,HDAC7,Relevant Molecular Target,Others,HDAC,Unpack complex target
ENSG00000147099,HDAC8,Relevant Molecular Target,Others,HDAC,Unpack complex target
ENSG00000048052,HDAC9,Relevant Molecular Target,Others,HDAC,Unpack complex target
ENSG00000100644,HIF1A,Relevant Molecular Target,Others,HIF1A,Unchanged from FDA lists
ENSG00000174775,HRAS,Relevant Molecular Target,Gene Abnormality,RAS | Gene Abnormality: RAS,Unpack complex target
ENSG00000080824,HSP90AA1,Relevant Molecular Target,Others,Hsp90,Unpack complex target
ENSG00000096384,HSP90AB1,Relevant Molecular Target,Others,Hsp90,Unpack complex target
ENSG00000166598,HSP90B1,Relevant Molecular Target,Others,Hsp90,Unpack complex target
ENSG00000138413,IDH1,Relevant Molecular Target,Gene Abnormality,IDH1 and IDH2 | Gene Abnormality: IDH1 and IDH2,Separate list
ENSG00000182054,IDH2,Relevant Molecular Target,Gene Abnormality,IDH1 and IDH2 | Gene Abnormality: IDH1 and IDH2,Separate list
ENSG00000131203,IDO1,Relevant Molecular Target,Tumor Microenvironment and Immunotherapy,IDO1,Unchanged from FDA lists
ENSG00000111537,IFNG,Relevant Molecular Target,Tumor Microenvironment and Immunotherapy,IFN-gamma,Standardize symbol
ENSG00000140443,IGF1R,Relevant Molecular Target,Others,IGFR-1,Standardize symbol
ENSG00000123496,IL13RA2,Relevant Molecular Target,Cell Lineage,IL13RA2,Unchanged from FDA lists
ENSG00000109471,IL2,Relevant Molecular Target,Tumor Microenvironment and Immunotherapy,IL-2,Standardize symbol
ENSG00000185291,IL3RA,Relevant Molecular Target,Cell Lineage,CD123/IL3RA,Standardize symbol
ENSG00000136244,IL6,Relevant Molecular Target,Cell Lineage,IL6,Unchanged from FDA lists
ENSG00000162434,JAK1,Relevant Molecular Target,Gene Abnormality,"JAK1, 2, and 3 | Gene Abnormality: JAK1, 2, and 3",Separate list
ENSG00000096968,JAK2,Relevant Molecular Target,Gene Abnormality,"JAK1, 2, and 3 | Gene Abnormality: JAK1, 2, and 3",Separate list
ENSG00000105639,JAK3,Relevant Molecular Target,Gene Abnormality,"JAK1, 2, and 3 | Gene Abnormality: JAK1, 2, and 3",Separate list
ENSG00000083168,KAT6A,Relevant Molecular Target,Others,MYST3 (MYST histone acetyltransferase (monocytic leukemia),Standardize symbol
ENSG00000004487,KDM1A,Relevant Molecular Target,Others,LSD1,Standardize symbol
ENSG00000066135,KDM4A,Relevant Molecular Target,Others,KDM4A,Unchanged from FDA lists
ENSG00000128052,KDR,Relevant Molecular Target,Tumor Microenvironment and Immunotherapy,VEGFR,Unpack complex target
ENSG00000157404,KIT,Relevant Molecular Target,Gene Abnormality,c-KIT or KIT | Gene Abnormality: c-KIT or KIT,Standardize symbol
ENSG00000142515,KLK3,Non-Relevant Molecular Target,Automatic Waivers,PSA/PSCA/PSMA,Separate list and standardize symbol
ENSG00000118058,KMT2A,Relevant Molecular Target,Gene Abnormality,Menin | Gene Abnormality: MLL gene fusions,Separate gene abnormalities and standardize symbol
ENSG00000005483,KMT2E,Relevant Molecular Target,Others,MLL5,Standardize symbol
ENSG00000133703,KRAS,Relevant Molecular Target,Gene Abnormality,RAS | Gene Abnormality: RAS,Unpack complex target
Symbol_Not_Found,KRAS G12C,Non-Relevant Molecular Target,Automatic Waivers,KRAS G12C,Cannot be mapped to gene-level target
ENSG00000089692,LAG3,Relevant Molecular Target,Tumor Microenvironment and Immunotherapy,LAG3,Unchanged from FDA lists
ENSG00000131023,LATS1,Relevant Molecular Target,Others,"Hippo pathway (YAP, TAZ, TEADs)",Unpack complex target
ENSG00000150457,LATS2,Relevant Molecular Target,Others,"Hippo pathway (YAP, TAZ, TEADs)",Unpack complex target
ENSG00000187772,LIN28B,Relevant Molecular Target,Gene Abnormality,LIN28B | Gene Abnormality: LIN28B,Unchanged from FDA lists
ENSG00000172061,LRRC15,Relevant Molecular Target,Cell Lineage,LRRC15,Unchanged from FDA lists
ENSG00000221867,MAGEA3,Relevant Molecular Target,Cell Lineage,MAGE-A3,Standardize symbol
ENSG00000169032,MAP2K1,Relevant Molecular Target,Gene Abnormality,"MEK | Gene Abnormality: BRAF and BRAF gene fusions, MAP2K1, NF1",Unpack complex target
ENSG00000126934,MAP2K2,Relevant Molecular Target,Gene Abnormality,"MEK | Gene Abnormality: BRAF and BRAF gene fusions, MAP2K1, NF1",Unpack complex target
ENSG00000100030,MAPK1,Relevant Molecular Target,Gene Abnormality,"ERK | Gene Abnormality: BRAF, MAP2K1",Unpack complex target
ENSG00000102882,MAPK3,Relevant Molecular Target,Gene Abnormality,"ERK | Gene Abnormality: BRAF, MAP2K1",Unpack complex target
ENSG00000119487,MAPKAP1,Relevant Molecular Target,Gene Abnormality,TORC1/2 as distinct from mTOR | Gene Abnormality: TORC1/2,Unpack complex target
ENSG00000143384,MCL1,Relevant Molecular Target,Others,MCL1,Unchanged from FDA lists
ENSG00000135679,MDM2,Relevant Molecular Target,Gene Abnormality,"MDM2 | Gene Abnormality: MDM2, TP53",Unchanged from FDA lists
ENSG00000133895,MEN1,Relevant Molecular Target,Gene Abnormality,Menin | Gene Abnormality: MLL gene fusions,Standardize symbol
ENSG00000105976,MET,Relevant Molecular Target,Gene Abnormality,MET | Gene Abnormality: MET,Unchanged from FDA lists
ENSG00000170430,MGMT,Relevant Molecular Target,Others,MGMT,Unchanged from FDA lists
ENSG00000076242,MLH1,Relevant Molecular Target,Gene Abnormality,"Neoantigens | Gene Abnormality: MSH2, MLH1, MSH6, PMS2 POLE, and POLD1",Unpack complex target
ENSG00000130382,MLLT1,Relevant Molecular Target,Gene Abnormality,MLL | Gene Abnormality: MLL gene fusions (MLL-AF4/AF9/AF10/ENL/ELL/AF1p/AFX/FKHRL1/SEPT6/GAS7/EEN/CBP/PTD),Separate gene abnormalities and standardize symbol
ENSG00000078403,MLLT10,Relevant Molecular Target,Gene Abnormality,MLL | Gene Abnormality: MLL gene fusions (MLL-AF4/AF9/AF10/ENL/ELL/AF1p/AFX/FKHRL1/SEPT6/GAS7/EEN/CBP/PTD),Separate gene abnormalities and standardize symbol
ENSG00000171843,MLLT3,Relevant Molecular Target,Gene Abnormality,MLL | Gene Abnormality: MLL gene fusions (MLL-AF4/AF9/AF10/ENL/ELL/AF1p/AFX/FKHRL1/SEPT6/GAS7/EEN/CBP/PTD),Separate gene abnormalities and standardize symbol
ENSG00000167965,MLST8,Relevant Molecular Target,Gene Abnormality,TORC1/2 as distinct from mTOR | Gene Abnormality: TORC1/2,Unpack complex target
ENSG00000114978,MOB1A,Relevant Molecular Target,Others,"Hippo pathway (YAP, TAZ, TEADs)",Unpack complex target
ENSG00000173542,MOB1B,Relevant Molecular Target,Others,"Hippo pathway (YAP, TAZ, TEADs)",Unpack complex target
ENSG00000156738,MS4A1,Relevant Molecular Target,Cell Lineage,CD20,Standardize symbol
ENSG00000095002,MSH2,Relevant Molecular Target,Gene Abnormality,"Neoantigens | Gene Abnormality: MSH2, MLH1, MSH6, PMS2 POLE, and POLD1",Unpack complex target
ENSG00000116062,MSH6,Relevant Molecular Target,Gene Abnormality,"Neoantigens | Gene Abnormality: MSH2, MLH1, MSH6, PMS2 POLE, and POLD1",Unpack complex target
ENSG00000102854,MSLN,Relevant Molecular Target,Cell Lineage,MSLN (mesothelin),Standardize symbol
ENSG00000198793,MTOR,Relevant Molecular Target,Gene Abnormality,"mTOR | Gene Abnormality: TSC1, TSC2",Unchanged from FDA lists
ENSG00000169876,MUC17,Non-Relevant Molecular Target,Automatic Waivers,MUC17,Unchanged from FDA lists
ENSG00000136997,MYC,Relevant Molecular Target,Gene Abnormality,MYC | Gene Abnormality: MYC translocations and amplification,Unchanged from FDA lists
ENSG00000134323,MYCN,Relevant Molecular Target,Gene Abnormality,MYCN | Gene Abnormality: MYCN amplification,Unchanged from FDA lists
ENSG00000159593,NAE1,Relevant Molecular Target,Others,NEDD8 activating enzyme (NAE),Standardize symbol
ENSG00000249437,NAIP,Relevant Molecular Target,Others,IAPs (inhibitor-of-apoptosis),Unpack complex target
ENSG00000105835,NAMPT,Relevant Molecular Target,Others,NAMPT,Unchanged from FDA lists
ENSG00000149294,NCAM1,Relevant Molecular Target,Cell Lineage,CD56,Standardize symbol
ENSG00000162736,NCSTN,Relevant Molecular Target,Gene Abnormality,Gamma secretase | Gene Abnormality: NOTCH1 and FBXW7,Unpack complex target
ENSG00000196712,NF1,Relevant Molecular Target,Gene Abnormality,"MEK | Gene Abnormality: BRAF and BRAF gene fusions, MAP2K1, NF1",Separate gene abnormalities
ENSG00000186575,NF2,Relevant Molecular Target,Others,"Hippo pathway (YAP, TAZ, TEADs)",Unpack complex target
ENSG00000109320,NFKB1,Relevant Molecular Target,Gene Abnormality,NFkappaB | Gene Abnormality: RELA fusion,Unpack complex target
ENSG00000077150,NFKB2,Relevant Molecular Target,Gene Abnormality,NFkappaB | Gene Abnormality: RELA fusion,Unpack complex target
ENSG00000148400,NOTCH1,Relevant Molecular Target,Gene Abnormality,"NOTCH1 | Gene Abnormality: NOTCH1, FBXW7",Unchanged from FDA lists
ENSG00000136931,NR5A1,Relevant Molecular Target,Cell Lineage,NR5A1 (Steroidogenic factor-1),Standardize symbol
ENSG00000213281,NRAS,Relevant Molecular Target,Gene Abnormality,RAS | Gene Abnormality: RAS,Unpack complex target
ENSG00000076685,NT5C2,Relevant Molecular Target,Gene Abnormality,NT5C2 | Gene Abnormality: NT5C2,Unchanged from FDA lists
ENSG00000198400,NTRK1,Relevant Molecular Target,Gene Abnormality,NTRK | Gene Abnormality: NTRK gene fusions,Unpack complex target
ENSG00000148053,NTRK2,Relevant Molecular Target,Gene Abnormality,NTRK | Gene Abnormality: NTRK gene fusions,Unpack complex target
ENSG00000140538,NTRK3,Relevant Molecular Target,Gene Abnormality,NTRK | Gene Abnormality: NTRK gene fusions,Unpack complex target
ENSG00000184507,NUTM1,Relevant Molecular Target,Gene Abnormality,BRD3-NUTM1 | Gene Abnormality: BRD3-NUTM1,Separate gene fusion
ENSG00000115758,ODC1,Relevant Molecular Target,Gene Abnormality,ODC1 | Gene Abnormality: MYC target gene,Unchanged from FDA lists
ENSG00000205927,OLIG2,Relevant Molecular Target,Cell Lineage,OLIG2,Unchanged from FDA lists
ENSG00000083093,PALB2,Relevant Molecular Target,Gene Abnormality,"PARP | Gene Abnormality: BRCA1/2, PALB2, ATM, BRIP1, CHEK2, RAD51, etc.",Separate gene abnormalities
ENSG00000143799,PARP1,Relevant Molecular Target,Gene Abnormality,"PARP | Gene Abnormality: BRCA1/2, PALB2, ATM, BRIP1, CHEK2, RAD51, etc.",Standardize symbol
ENSG00000143799,PARP1,Relevant Molecular Target,Others,PARP,Unpack complex target
ENSG00000178685,PARP10,Relevant Molecular Target,Others,PARP,Unpack complex target
ENSG00000111224,PARP11,Relevant Molecular Target,Others,PARP,Unpack complex target
ENSG00000059378,PARP12,Relevant Molecular Target,Others,PARP,Unpack complex target
ENSG00000173193,PARP14,Relevant Molecular Target,Others,PARP,Unpack complex target
ENSG00000173200,PARP15,Relevant Molecular Target,Others,PARP,Unpack complex target
ENSG00000138617,PARP16,Relevant Molecular Target,Others,PARP,Unpack complex target
ENSG00000129484,PARP2,Relevant Molecular Target,Others,PARP,Unpack complex target
ENSG00000041880,PARP3,Relevant Molecular Target,Others,PARP,Unpack complex target
ENSG00000102699,PARP4,Relevant Molecular Target,Others,PARP,Unpack complex target
ENSG00000137817,PARP6,Relevant Molecular Target,Others,PARP,Unpack complex target
ENSG00000151883,PARP8,Relevant Molecular Target,Others,PARP,Unpack complex target
ENSG00000138496,PARP9,Relevant Molecular Target,Others,PARP,Unpack complex target
ENSG00000135903,PAX3,Relevant Molecular Target,Gene Abnormality,PAX-FOXO1 | Gene Abnormality: PAX-FOXO1,Separate gene fusion and standardize symbol
ENSG00000196092,PAX5,Relevant Molecular Target,Gene Abnormality,PAX5,Unchanged from FDA lists
ENSG00000009709,PAX7,Relevant Molecular Target,Gene Abnormality,PAX-FOXO1 | Gene Abnormality: PAX-FOXO1,Separate gene fusion and standardize symbol
ENSG00000188389,PDCD1,Relevant Molecular Target,Tumor Microenvironment and Immunotherapy,PD-1/PD-L1,Separate list and standardize symbol
ENSG00000134853,PDGFRA,Relevant Molecular Target,Gene Abnormality,PDGFRA/B | Gene Abnormality: PDGFRA/B gene fusions,Separate gene fusion
ENSG00000113721,PDGFRB,Relevant Molecular Target,Gene Abnormality,PDGFRA/B | Gene Abnormality: PDGFRA/B gene fusions,Separate gene fusion
ENSG00000140992,PDPK1,Relevant Molecular Target,Others,PDK-1 (3-phosphoinositide-dependent protein kinase 1),Standardize symbol
ENSG00000121879,PIK3CA,Relevant Molecular Target,Gene Abnormality,PI3K? | Gene Abnormality: PIK3CA,Standardize symbol
ENSG00000171608,PIK3CD,Relevant Molecular Target,Cell Lineage,PIK3CD (PI3 kinase delta),Standardize symbol
ENSG00000171608,PIK3CD,Relevant Molecular Target,Others,PI3Kdelta,Standardize symbol
ENSG00000137193,PIM1,Relevant Molecular Target,Others,PIM1,Unchanged from FDA lists
ENSG00000166851,PLK1,Relevant Molecular Target,Others,PLK1,Unchanged from FDA lists
ENSG00000140464,PML,Relevant Molecular Target,Gene Abnormality,PML-RAR? | Gene Abnormality: PML-RAR?,Separate gene fusion
ENSG00000122512,PMS2,Relevant Molecular Target,Gene Abnormality,"Neoantigens | Gene Abnormality: MSH2, MLH1, MSH6, PMS2 POLE, and POLD1",Unpack complex target
ENSG00000062822,POLD1,Relevant Molecular Target,Gene Abnormality,"Neoantigens | Gene Abnormality: MSH2, MLH1, MSH6, PMS2 POLE, and POLD1",Unpack complex target
ENSG00000177084,POLE,Relevant Molecular Target,Gene Abnormality,"Neoantigens | Gene Abnormality: MSH2, MLH1, MSH6, PMS2 POLE, and POLD1",Unpack complex target
ENSG00000068654,POLR1A,Relevant Molecular Target,Others,POL1,Unpack complex target
ENSG00000125630,POLR1B,Relevant Molecular Target,Others,POL1,Unpack complex target
ENSG00000171453,POLR1C,Relevant Molecular Target,Others,POL1,Unpack complex target
ENSG00000186184,POLR1D,Relevant Molecular Target,Others,POL1,Unpack complex target
ENSG00000137054,POLR1E,Relevant Molecular Target,Others,POL1,Unpack complex target
ENSG00000105849,POLR1F,Relevant Molecular Target,Others,POL1,Unpack complex target
ENSG00000117877,POLR1G,Relevant Molecular Target,Others,POL1,Unpack complex target
ENSG00000066379,POLR1H,Relevant Molecular Target,Others,POL1,Unpack complex target
ENSG00000170836,PPM1D,Relevant Molecular Target,Gene Abnormality,PPM1D (WIP1) | Gene Abnormality: PPM1D (WIP1),Standardize symbol
ENSG00000185686,PRAME,Relevant Molecular Target,Cell Lineage,PRAME,Unchanged from FDA lists
ENSG00000057657,PRDM1,Relevant Molecular Target,Others,PRDM1,Unchanged from FDA lists
ENSG00000170325,PRDM10,Relevant Molecular Target,Others,PRDM10,Unchanged from FDA lists
ENSG00000152784,PRDM8,Relevant Molecular Target,Others,PRDM8,Unchanged from FDA lists
ENSG00000072062,PRKACA,Relevant Molecular Target,Others,PKA,Unpack complex target
ENSG00000142875,PRKACB,Relevant Molecular Target,Others,PKA,Unpack complex target
ENSG00000165059,PRKACG,Relevant Molecular Target,Others,PKA,Unpack complex target
ENSG00000108946,PRKAR1A,Relevant Molecular Target,Others,PKA,Unpack complex target
ENSG00000188191,PRKAR1B,Relevant Molecular Target,Others,PKA,Unpack complex target
ENSG00000114302,PRKAR2A,Relevant Molecular Target,Others,PKA,Unpack complex target
ENSG00000005249,PRKAR2B,Relevant Molecular Target,Others,PKA,Unpack complex target
ENSG00000163558,PRKCI,Relevant Molecular Target,Others,PKC,Standardize symbol
ENSG00000253729,PRKDC,Relevant Molecular Target,Others,DNA-PK,Standardize symbol
ENSG00000160310,PRMT2,Relevant Molecular Target,Others,PRMT2,Unchanged from FDA lists
ENSG00000100462,PRMT5,Relevant Molecular Target,Others,PRMT5,Unchanged from FDA lists
ENSG00000186654,PRR5,Relevant Molecular Target,Gene Abnormality,TORC1/2 as distinct from mTOR | Gene Abnormality: TORC1/2,Unpack complex target
ENSG00000167653,PSCA,Non-Relevant Molecular Target,Automatic Waivers,PSA/PSCA/PSMA,Separate list
ENSG00000080815,PSEN1,Relevant Molecular Target,Gene Abnormality,Gamma secretase | Gene Abnormality: NOTCH1 and FBXW7,Unpack complex target
ENSG00000143801,PSEN2,Relevant Molecular Target,Gene Abnormality,Gamma secretase | Gene Abnormality: NOTCH1 and FBXW7,Unpack complex target
ENSG00000205155,PSENEN,Relevant Molecular Target,Gene Abnormality,Gamma secretase | Gene Abnormality: NOTCH1 and FBXW7,Unpack complex target
ENSG00000129084,PSMA1,Relevant Molecular Target,Others,Proteasome,Unpack complex target
ENSG00000106588,PSMA2,Relevant Molecular Target,Others,Proteasome,Unpack complex target
ENSG00000100567,PSMA3,Relevant Molecular Target,Others,Proteasome,Unpack complex target
ENSG00000041357,PSMA4,Relevant Molecular Target,Others,Proteasome,Unpack complex target
ENSG00000143106,PSMA5,Relevant Molecular Target,Others,Proteasome,Unpack complex target
ENSG00000100902,PSMA6,Relevant Molecular Target,Others,Proteasome,Unpack complex target
ENSG00000101182,PSMA7,Relevant Molecular Target,Others,Proteasome,Unpack complex target
ENSG00000154611,PSMA8,Relevant Molecular Target,Others,Proteasome,Unpack complex target
ENSG00000008018,PSMB1,Relevant Molecular Target,Others,Proteasome,Unpack complex target
ENSG00000205220,PSMB10,Relevant Molecular Target,Others,Proteasome,Unpack complex target
ENSG00000126067,PSMB2,Relevant Molecular Target,Others,Proteasome,Unpack complex target
ENSG00000277791,PSMB3,Relevant Molecular Target,Others,Proteasome,Unpack complex target
ENSG00000159377,PSMB4,Relevant Molecular Target,Others,Proteasome,Unpack complex target
ENSG00000100804,PSMB5,Relevant Molecular Target,Others,Proteasome,Unpack complex target
ENSG00000142507,PSMB6,Relevant Molecular Target,Others,Proteasome,Unpack complex target
ENSG00000136930,PSMB7,Relevant Molecular Target,Others,Proteasome,Unpack complex target
ENSG00000204264,PSMB8,Relevant Molecular Target,Others,Proteasome,Unpack complex target
ENSG00000240065,PSMB9,Relevant Molecular Target,Others,Proteasome,Unpack complex target
ENSG00000100764,PSMC1,Relevant Molecular Target,Others,Proteasome,Unpack complex target
ENSG00000161057,PSMC2,Relevant Molecular Target,Others,Proteasome,Unpack complex target
ENSG00000165916,PSMC3,Relevant Molecular Target,Others,Proteasome,Unpack complex target
ENSG00000013275,PSMC4,Relevant Molecular Target,Others,Proteasome,Unpack complex target
ENSG00000087191,PSMC5,Relevant Molecular Target,Others,Proteasome,Unpack complex target
ENSG00000100519,PSMC6,Relevant Molecular Target,Others,Proteasome,Unpack complex target
ENSG00000173692,PSMD1,Relevant Molecular Target,Others,Proteasome,Unpack complex target
ENSG00000101843,PSMD10,Relevant Molecular Target,Others,Proteasome,Unpack complex target
ENSG00000108671,PSMD11,Relevant Molecular Target,Others,Proteasome,Unpack complex target
ENSG00000197170,PSMD12,Relevant Molecular Target,Others,Proteasome,Unpack complex target
ENSG00000185627,PSMD13,Relevant Molecular Target,Others,Proteasome,Unpack complex target
ENSG00000115233,PSMD14,Relevant Molecular Target,Others,Proteasome,Unpack complex target
ENSG00000175166,PSMD2,Relevant Molecular Target,Others,Proteasome,Unpack complex target
ENSG00000108344,PSMD3,Relevant Molecular Target,Others,Proteasome,Unpack complex target
ENSG00000159352,PSMD4,Relevant Molecular Target,Others,Proteasome,Unpack complex target
ENSG00000095261,PSMD5,Relevant Molecular Target,Others,Proteasome,Unpack complex target
ENSG00000163636,PSMD6,Relevant Molecular Target,Others,Proteasome,Unpack complex target
ENSG00000103035,PSMD7,Relevant Molecular Target,Others,Proteasome,Unpack complex target
ENSG00000099341,PSMD8,Relevant Molecular Target,Others,Proteasome,Unpack complex target
ENSG00000110801,PSMD9,Relevant Molecular Target,Others,Proteasome,Unpack complex target
ENSG00000092010,PSME1,Relevant Molecular Target,Others,Proteasome,Unpack complex target
ENSG00000100911,PSME2,Relevant Molecular Target,Others,Proteasome,Unpack complex target
ENSG00000131467,PSME3,Relevant Molecular Target,Others,Proteasome,Unpack complex target
ENSG00000068878,PSME4,Relevant Molecular Target,Others,Proteasome,Unpack complex target
ENSG00000125818,PSMF1,Relevant Molecular Target,Others,Proteasome,Unpack complex target
ENSG00000185920,PTCH1,Relevant Molecular Target,Gene Abnormality,"Smoothened | Gene Abnormality: PATCH1, SMO",Separate gene abnormalities and standardize symbol
ENSG00000171862,PTEN,Relevant Molecular Target,Cell Lineage,PTEN,Unchanged from FDA lists
ENSG00000169398,PTK2,Relevant Molecular Target,Others,FAK,Standardize symbol
ENSG00000179295,PTPN11,Relevant Molecular Target,Gene Abnormality,SHP2 | Gene Abnormality: SHP2,Standardize symbol
ENSG00000175354,PTPN2,Relevant Molecular Target,Others,PTPN (protein tyrosine phosphatase),Standardize symbol
ENSG00000051180,RAD51,Relevant Molecular Target,Gene Abnormality,"PARP | Gene Abnormality: BRCA1/2, PALB2, ATM, BRIP1, CHEK2, RAD51, etc.",Separate gene abnormalities
ENSG00000131759,RARA,Relevant Molecular Target,Gene Abnormality,PML-RAR? | Gene Abnormality: PML-RAR?,Separate gene fusion
ENSG00000162924,REL,Relevant Molecular Target,Gene Abnormality,NFkappaB | Gene Abnormality: RELA fusion,Unpack complex target
ENSG00000173039,RELA,Relevant Molecular Target,Tumor Microenvironment and Immunotherapy,RELA,Unchanged from FDA lists
ENSG00000104856,RELB,Relevant Molecular Target,Gene Abnormality,NFkappaB | Gene Abnormality: RELA fusion,Unpack complex target
ENSG00000165731,RET,Relevant Molecular Target,Gene Abnormality,RET | Gene Abnormality: RET,Unchanged from FDA lists
ENSG00000164327,RICTOR,Relevant Molecular Target,Gene Abnormality,TORC1/2 as distinct from mTOR | Gene Abnormality: TORC1/2,Unpack complex target
ENSG00000185483,ROR1,Relevant Molecular Target,Gene Abnormality,ROR1,Unchanged from FDA lists
ENSG00000169071,ROR2,Relevant Molecular Target,Gene Abnormality,ROR2,Unchanged from FDA lists
ENSG00000047936,ROS1,Relevant Molecular Target,Gene Abnormality,ROS1,Unchanged from FDA lists
ENSG00000106399,RPA3,Relevant Molecular Target,Others,RPA3,Unchanged from FDA lists
ENSG00000141564,RPTOR,Relevant Molecular Target,Gene Abnormality,TORC1/2 as distinct from mTOR | Gene Abnormality: TORC1/2,Unpack complex target
ENSG00000151748,SAV1,Relevant Molecular Target,Others,"Hippo pathway (YAP, TAZ, TEADs)",Unpack complex target
ENSG00000127922,SEM1,Relevant Molecular Target,Others,Proteasome,Unpack complex target
ENSG00000125354,SEPTIN6,Relevant Molecular Target,Gene Abnormality,MLL | Gene Abnormality: MLL gene fusions (MLL-AF4/AF9/AF10/ENL/ELL/AF1p/AFX/FKHRL1/SEPT6/GAS7/EEN/CBP/PTD),Separate gene abnormalities and standardize symbol
ENSG00000111252,SH2B3,Relevant Molecular Target,Gene Abnormality,SH2B3 | Gene Abnormality: SH2B3,Unchanged from FDA lists
ENSG00000141985,SH3GL1,Relevant Molecular Target,Gene Abnormality,MLL | Gene Abnormality: MLL gene fusions (MLL-AF4/AF9/AF10/ENL/ELL/AF1p/AFX/FKHRL1/SEPT6/GAS7/EEN/CBP/PTD),Separate gene abnormalities and standardize symbol
ENSG00000155380,SLC16A1,Relevant Molecular Target,Others,MCT1 (monocarboxylate transporter 1),Standardize symbol
ENSG00000080503,SMARCA2,Relevant Molecular Target,Others,SWI/SNF,Unpack complex target
ENSG00000127616,SMARCA4,Relevant Molecular Target,Gene Abnormality,"EZH2 | Gene Abnormality: SMARCB1, SMARCA4",Separate gene abnormalities
ENSG00000127616,SMARCA4,Relevant Molecular Target,Others,SWI/SNF,Unpack complex target
ENSG00000099956,SMARCB1,Relevant Molecular Target,Gene Abnormality,"EZH2 | Gene Abnormality: SMARCB1, SMARCA4",Separate gene abnormalities
ENSG00000099956,SMARCB1,Relevant Molecular Target,Others,SWI/SNF,Unpack complex target
ENSG00000173473,SMARCC1,Relevant Molecular Target,Others,SWI/SNF,Unpack complex target
ENSG00000139613,SMARCC2,Relevant Molecular Target,Others,SWI/SNF,Unpack complex target
ENSG00000066117,SMARCD1,Relevant Molecular Target,Others,SWI/SNF,Unpack complex target
ENSG00000108604,SMARCD2,Relevant Molecular Target,Others,SWI/SNF,Unpack complex target
ENSG00000082014,SMARCD3,Relevant Molecular Target,Others,SWI/SNF,Unpack complex target
ENSG00000128602,SMO,Relevant Molecular Target,Gene Abnormality,"Smoothened | Gene Abnormality: PATCH1, SMO",Standardize symbol
ENSG00000185420,SMYD3,Relevant Molecular Target,Others,SMYD3,Unchanged from FDA lists
ENSG00000124664,SPDEF,Relevant Molecular Target,Gene Abnormality,"ETS gene fusions | Gene Abnormality: ETS fusions (ERG, FLI1, ETV1)",Unpack complex target
ENSG00000066336,SPI1,Relevant Molecular Target,Gene Abnormality,"ETS gene fusions | Gene Abnormality: ETS fusions (ERG, FLI1, ETV1)",Unpack complex target
ENSG00000269404,SPIB,Relevant Molecular Target,Gene Abnormality,"ETS gene fusions | Gene Abnormality: ETS fusions (ERG, FLI1, ETV1)",Unpack complex target
ENSG00000166211,SPIC,Relevant Molecular Target,Gene Abnormality,"ETS gene fusions | Gene Abnormality: ETS fusions (ERG, FLI1, ETV1)",Unpack complex target
ENSG00000139874,SSTR1,Relevant Molecular Target,Others,Somatostatin Receptor,Unpack complex target
ENSG00000180616,SSTR2,Relevant Molecular Target,Others,Somatostatin Receptor,Unpack complex target
ENSG00000278195,SSTR3,Relevant Molecular Target,Others,Somatostatin Receptor,Unpack complex target
ENSG00000132671,SSTR4,Relevant Molecular Target,Others,Somatostatin Receptor,Unpack complex target
ENSG00000162009,SSTR5,Relevant Molecular Target,Others,Somatostatin Receptor,Unpack complex target
ENSG00000126752,SSX1,Relevant Molecular Target,Gene Abnormality,SYT-SSX | Gene Abnormality: SYT-SSX,Separate gene fusion and standardize symbol
ENSG00000241476,SSX2,Relevant Molecular Target,Gene Abnormality,SYT-SSX | Gene Abnormality: SYT-SSX,Separate gene fusion and standardize symbol
ENSG00000170581,STAT2,Relevant Molecular Target,Gene Abnormality,"STAT2,3 | Gene Abnormality: STAT2,3",Separate list
ENSG00000168610,STAT3,Relevant Molecular Target,Gene Abnormality,"STAT2,3 | Gene Abnormality: STAT2,3",Separate list
ENSG00000164647,STEAP1,Relevant Molecular Target,Tumor Microenvironment and Immunotherapy,STEAP1,Unchanged from FDA lists
ENSG00000184584,STING1,Relevant Molecular Target,Tumor Microenvironment and Immunotherapy,STING,Standardize symbol
ENSG00000104375,STK3,Relevant Molecular Target,Others,"Hippo pathway (YAP, TAZ, TEADs)",Unpack complex target
ENSG00000101109,STK4,Relevant Molecular Target,Others,"Hippo pathway (YAP, TAZ, TEADs)",Unpack complex target
ENSG00000178691,SUZ12,Relevant Molecular Target,Others,SUZ12,Unchanged from FDA lists
ENSG00000165025,SYK,Relevant Molecular Target,Cell Lineage,SYK,Unchanged from FDA lists
ENSG00000067715,SYT1,Relevant Molecular Target,Gene Abnormality,SYT-SSX | Gene Abnormality: SYT-SSX,Separate gene fusion and standardize symbol
ENSG00000184292,TACSTD2,Non-Relevant Molecular Target,Automatic Waivers,TACSTD2,Unchanged from FDA lists
ENSG00000187079,TEAD1,Relevant Molecular Target,Others,"Hippo pathway (YAP, TAZ, TEADs)",Unpack complex target
ENSG00000074219,TEAD2,Relevant Molecular Target,Others,"Hippo pathway (YAP, TAZ, TEADs)",Unpack complex target
ENSG00000007866,TEAD3,Relevant Molecular Target,Others,"Hippo pathway (YAP, TAZ, TEADs)",Unpack complex target
ENSG00000197905,TEAD4,Relevant Molecular Target,Others,"Hippo pathway (YAP, TAZ, TEADs)",Unpack complex target
ENSG00000164362,TERT,Relevant Molecular Target,Gene Abnormality,TERT | Gene Abnormality: TERT,Unchanged from FDA lists
ENSG00000168769,TET2,Relevant Molecular Target,Others,TET2,Unchanged from FDA lists
ENSG00000105329,TGFB1,Relevant Molecular Target,Others,TGF-beta,Unpack complex target
ENSG00000092969,TGFB2,Relevant Molecular Target,Others,TGF-beta,Unpack complex target
ENSG00000119699,TGFB3,Relevant Molecular Target,Others,TGF-beta,Unpack complex target
ENSG00000145850,TIMD4,Relevant Molecular Target,Tumor Microenvironment and Immunotherapy,TIM3/TIM4,Separate list and standardize symbol
ENSG00000163659,TIPARP,Relevant Molecular Target,Others,PARP,Unpack complex target
ENSG00000186827,TNFRSF4,Relevant Molecular Target,Tumor Microenvironment and Immunotherapy,OX40,Unpack complex target
ENSG00000120949,TNFRSF8,Relevant Molecular Target,Cell Lineage,CD30,Standardize symbol
ENSG00000048462,TNFRSF17,Non-Relevant Molecular Target,Automatic Waivers,TNFRSF17,Unchanged from FDA lists
ENSG00000121858,TNFSF10,Relevant Molecular Target,Others,TRAIL,Standardize symbol
ENSG00000117586,TNFSF4,Relevant Molecular Target,Tumor Microenvironment and Immunotherapy,OX40,Unpack complex target
ENSG00000173273,TNKS,Relevant Molecular Target,Others,PARP,Unpack complex target
ENSG00000107854,TNKS2,Relevant Molecular Target,Others,PARP,Unpack complex target
ENSG00000198900,TOP1,Relevant Molecular Target,Others,Topoisomerase I/II,Separate list and standardize symbol
ENSG00000131747,TOP2A,Relevant Molecular Target,Others,Topoisomerase I/II,Separate list and standardize symbol
ENSG00000141510,TP53,Relevant Molecular Target,Gene Abnormality,TP53 | Gene Abnormality: TP53,Unchanged from FDA lists
ENSG00000165699,TSC1,Relevant Molecular Target,Gene Abnormality,"mTOR | Gene Abnormality: TSC1, TSC2",Separate gene abnormalities
ENSG00000103197,TSC2,Relevant Molecular Target,Gene Abnormality,"mTOR | Gene Abnormality: TSC1, TSC2",Separate gene abnormalities
ENSG00000167552,TUBA1A,Relevant Molecular Target,Others,Tubulin,Unpack complex target
ENSG00000123416,TUBA1B,Relevant Molecular Target,Others,Tubulin,Unpack complex target
ENSG00000167553,TUBA1C,Relevant Molecular Target,Others,Tubulin,Unpack complex target
ENSG00000198033,TUBA3C,Relevant Molecular Target,Others,Tubulin,Unpack complex target
ENSG00000075886,TUBA3D,Relevant Molecular Target,Others,Tubulin,Unpack complex target
ENSG00000152086,TUBA3E,Relevant Molecular Target,Others,Tubulin,Unpack complex target
ENSG00000284130,TUBA3FP,Relevant Molecular Target,Others,Tubulin,Unpack complex target
ENSG00000249680,TUBA3GP,Relevant Molecular Target,Others,Tubulin,Unpack complex target
ENSG00000127824,TUBA4A,Relevant Molecular Target,Others,Tubulin,Unpack complex target
ENSG00000243910,TUBA4B,Relevant Molecular Target,Others,Tubulin,Unpack complex target
ENSG00000183785,TUBA8,Relevant Molecular Target,Others,Tubulin,Unpack complex target
ENSG00000178462,TUBAL3,Relevant Molecular Target,Others,Tubulin,Unpack complex target
ENSG00000196230,TUBB,Relevant Molecular Target,Others,Tubulin,Unpack complex target
ENSG00000101162,TUBB1,Relevant Molecular Target,Others,Tubulin,Unpack complex target
ENSG00000137267,TUBB2A,Relevant Molecular Target,Others,Tubulin,Unpack complex target
ENSG00000137285,TUBB2B,Relevant Molecular Target,Others,Tubulin,Unpack complex target
ENSG00000258947,TUBB3,Relevant Molecular Target,Others,Tubulin,Unpack complex target
ENSG00000104833,TUBB4A,Relevant Molecular Target,Others,Tubulin,Unpack complex target
ENSG00000188229,TUBB4B,Relevant Molecular Target,Others,Tubulin,Unpack complex target
ENSG00000176014,TUBB6,Relevant Molecular Target,Others,Tubulin,Unpack complex target
ENSG00000251297,TUBB7P,Relevant Molecular Target,Others,Tubulin,Unpack complex target
ENSG00000261456,TUBB8,Relevant Molecular Target,Others,Tubulin,Unpack complex target
ENSG00000173213,TUBB8B,Relevant Molecular Target,Others,Tubulin,Unpack complex target
ENSG00000108423,TUBD1,Relevant Molecular Target,Others,Tubulin,Unpack complex target
ENSG00000074935,TUBE1,Relevant Molecular Target,Others,Tubulin,Unpack complex target
ENSG00000131462,TUBG1,Relevant Molecular Target,Others,Tubulin,Unpack complex target
ENSG00000037042,TUBG2,Relevant Molecular Target,Others,Tubulin,Unpack complex target
ENSG00000105397,TYK2,Relevant Molecular Target,Gene Abnormality,TYK2 | Gene Abnormality: TYK2,Unchanged from FDA lists
ENSG00000176890,TYMS,Relevant Molecular Target,Others,Thymidylate synthase,Standardize symbol
ENSG00000112715,VEGFA,Relevant Molecular Target,Tumor Microenvironment and Immunotherapy,VEGF,Unpack complex target
ENSG00000173511,VEGFB,Relevant Molecular Target,Tumor Microenvironment and Immunotherapy,VEGF,Unpack complex target
ENSG00000150630,VEGFC,Relevant Molecular Target,Tumor Microenvironment and Immunotherapy,VEGF,Unpack complex target
ENSG00000165197,VEGFD,Relevant Molecular Target,Tumor Microenvironment and Immunotherapy,VEGF,Unpack complex target
ENSG00000196363,WDR5,Relevant Molecular Target,Others,WDR5,Unchanged from FDA lists
ENSG00000166483,WEE1,Relevant Molecular Target,Others,WEE1,Unchanged from FDA lists
ENSG00000184937,WT1,Relevant Molecular Target,Cell Lineage,WT1,Unchanged from FDA lists
ENSG00000113645,WWC1,Relevant Molecular Target,Others,"Hippo pathway (YAP, TAZ, TEADs)",Unpack complex target
ENSG00000018408,WWTR1,Relevant Molecular Target,Others,"Hippo pathway (YAP, TAZ, TEADs)",Unpack complex target
ENSG00000101966,XIAP,Relevant Molecular Target,Others,IAPs (inhibitor-of-apoptosis),Unpack complex target
ENSG00000082898,XPO1,Relevant Molecular Target,Others,XPO1 (Exportin),Standardize symbol
ENSG00000137693,YAP1,Relevant Molecular Target,Cell Lineage,YAP1,Unchanged from FDA lists
ENSG00000137693,YAP1,Relevant Molecular Target,Others,"Hippo pathway (YAP, TAZ, TEADs)",Unpack complex target
ENSG00000116809,ZBTB17,Relevant Molecular Target,Others,MIZ1,Standardize symbol
ENSG00000105939,ZC3HAV1,Relevant Molecular Target,Others,PARP,Unpack complex target
